Type,SKU,Name,Published,Is featured?,Visibility in catalog,Short description,Tax status,In stock?,Stock,Backorders allowed?,Regular price,Categories,Tags,Meta: _supplier_cost,Description,Weight (lbs),Length (in),Width (in),Height (in),Upsells,Cross-sells,Meta: rank_math_title,Meta: rank_math_description,Meta: rank_math_focus_keyword,Meta: _yoast_wpseo_title,Meta: _yoast_wpseo_metadesc,Meta: _yoast_wpseo_focuskw,Meta: _coa_url
simple,RT10,Retatrutide 10mg,0,0,hidden,"Retatrutide is a synthetic single-molecule triple agonist of the GIP, GLP-1 and glucagon receptors. Lyophilized powder, 10mg per sealed vial. For laboratory research use only. Not for human or veterinary use.",taxable,0,0,0,15.99,Research Peptides > GLP-1 & Metabolic,"Retatrutide, GLP-1, GIP, Glucagon, Triple agonist",6,"<h2>Retatrutide 10mg</h2><p>Retatrutide is a synthetic single-molecule triple agonist of the GIP, GLP-1 and glucagon receptors.</p><h3>Research focus</h3><p>Tri-agonist incretin signaling, energy expenditure and lipid metabolism in metabolic research models.</p><h3>Specifications</h3><ul><li>Contents: 10mg per vial</li><li>Form: lyophilized (freeze-dried) powder</li><li>Container: sealed glass vial</li><li>Storage: keep lyophilized vials frozen at −20 °C, protected from light. Once reconstituted, refrigerate at 2–8 °C.</li><li>Reconstitution: bacteriostatic water, sold separately</li></ul><h3>Volume pricing</h3><p>Save 10% when your order contains 3 or more research vials, and 15% at 5 or more. Mix and match across the catalog; the discount applies automatically in the cart.</p><h3>Research use only</h3><p>For laboratory research use only. Not for human or veterinary use. This product is not a drug, food, supplement or cosmetic and is not intended to diagnose, treat, cure or prevent any disease. Sold only to qualified researchers aged 21 or older.</p>",0.05,1,1,2,,BA10,Buy Retatrutide 10mg Research Peptide %sep% %sitename%,"Retatrutide 10mg lyophilized research peptide, 10mg per vial. Save 10% on 3+ vials, 15% on 5+. Fast shipping. Research use only.",retatrutide 10mg,Buy Retatrutide 10mg Research Peptide %%sep%% %%sitename%%,"Retatrutide 10mg lyophilized research peptide, 10mg per vial. Save 10% on 3+ vials, 15% on 5+. Fast shipping. Research use only.",retatrutide 10mg,
simple,RT20,Retatrutide 20mg,0,0,hidden,"Retatrutide is a synthetic single-molecule triple agonist of the GIP, GLP-1 and glucagon receptors. Lyophilized powder, 20mg per sealed vial. For laboratory research use only. Not for human or veterinary use.",taxable,0,0,0,26.99,Research Peptides > GLP-1 & Metabolic,"Retatrutide, GLP-1, GIP, Glucagon, Triple agonist",13,"<h2>Retatrutide 20mg</h2><p>Retatrutide is a synthetic single-molecule triple agonist of the GIP, GLP-1 and glucagon receptors.</p><h3>Research focus</h3><p>Tri-agonist incretin signaling, energy expenditure and lipid metabolism in metabolic research models.</p><h3>Specifications</h3><ul><li>Contents: 20mg per vial</li><li>Form: lyophilized (freeze-dried) powder</li><li>Container: sealed glass vial</li><li>Storage: keep lyophilized vials frozen at −20 °C, protected from light. Once reconstituted, refrigerate at 2–8 °C.</li><li>Reconstitution: bacteriostatic water, sold separately</li></ul><h3>Volume pricing</h3><p>Save 10% when your order contains 3 or more research vials, and 15% at 5 or more. Mix and match across the catalog; the discount applies automatically in the cart.</p><h3>Research use only</h3><p>For laboratory research use only. Not for human or veterinary use. This product is not a drug, food, supplement or cosmetic and is not intended to diagnose, treat, cure or prevent any disease. Sold only to qualified researchers aged 21 or older.</p>",0.05,1,1,2,,BA10,Buy Retatrutide 20mg Research Peptide %sep% %sitename%,"Retatrutide 20mg lyophilized research peptide, 20mg per vial. Save 10% on 3+ vials, 15% on 5+. Fast shipping. Research use only.",retatrutide 20mg,Buy Retatrutide 20mg Research Peptide %%sep%% %%sitename%%,"Retatrutide 20mg lyophilized research peptide, 20mg per vial. Save 10% on 3+ vials, 15% on 5+. Fast shipping. Research use only.",retatrutide 20mg,
simple,RT30,Retatrutide 30mg,0,0,hidden,"Retatrutide is a synthetic single-molecule triple agonist of the GIP, GLP-1 and glucagon receptors. Lyophilized powder, 30mg per sealed vial. For laboratory research use only. Not for human or veterinary use.",taxable,0,0,0,38.99,Research Peptides > GLP-1 & Metabolic,"Retatrutide, GLP-1, GIP, Glucagon, Triple agonist",20,"<h2>Retatrutide 30mg</h2><p>Retatrutide is a synthetic single-molecule triple agonist of the GIP, GLP-1 and glucagon receptors.</p><h3>Research focus</h3><p>Tri-agonist incretin signaling, energy expenditure and lipid metabolism in metabolic research models.</p><h3>Specifications</h3><ul><li>Contents: 30mg per vial</li><li>Form: lyophilized (freeze-dried) powder</li><li>Container: sealed glass vial</li><li>Storage: keep lyophilized vials frozen at −20 °C, protected from light. Once reconstituted, refrigerate at 2–8 °C.</li><li>Reconstitution: bacteriostatic water, sold separately</li></ul><h3>Volume pricing</h3><p>Save 10% when your order contains 3 or more research vials, and 15% at 5 or more. Mix and match across the catalog; the discount applies automatically in the cart.</p><h3>Research use only</h3><p>For laboratory research use only. Not for human or veterinary use. This product is not a drug, food, supplement or cosmetic and is not intended to diagnose, treat, cure or prevent any disease. Sold only to qualified researchers aged 21 or older.</p>",0.05,1,1,2,,BA10,Buy Retatrutide 30mg Research Peptide %sep% %sitename%,"Retatrutide 30mg lyophilized research peptide, 30mg per vial. Save 10% on 3+ vials, 15% on 5+. Fast shipping. Research use only.",retatrutide 30mg,Buy Retatrutide 30mg Research Peptide %%sep%% %%sitename%%,"Retatrutide 30mg lyophilized research peptide, 30mg per vial. Save 10% on 3+ vials, 15% on 5+. Fast shipping. Research use only.",retatrutide 30mg,
simple,TSM10,Tesamorelin 10mg,1,0,visible,"Tesamorelin is a synthetic analog of growth hormone-releasing hormone (GHRH) stabilized by a trans-3-hexenoyl group at its N-terminus. Lyophilized powder, 10mg per sealed vial. For laboratory research use only. Not for human or veterinary use.",taxable,1,80,0,28.99,Research Peptides > Growth Hormone Secretagogues,"Tesamorelin, GHRH analog, Growth hormone",14,"<h2>Tesamorelin 10mg</h2><p>Tesamorelin is a synthetic analog of growth hormone-releasing hormone (GHRH) stabilized by a trans-3-hexenoyl group at its N-terminus.</p><h3>Research focus</h3><p>GHRH receptor signaling, the GH/IGF-1 axis and visceral adipose tissue research.</p><h3>Specifications</h3><ul><li>Contents: 10mg per vial</li><li>Form: lyophilized (freeze-dried) powder</li><li>Container: sealed glass vial</li><li>Storage: keep lyophilized vials frozen at −20 °C, protected from light. Once reconstituted, refrigerate at 2–8 °C.</li><li>Reconstitution: bacteriostatic water, sold separately</li></ul><h3>Volume pricing</h3><p>Save 10% when your order contains 3 or more research vials, and 15% at 5 or more. Mix and match across the catalog; the discount applies automatically in the cart.</p><h3>Research use only</h3><p>For laboratory research use only. Not for human or veterinary use. This product is not a drug, food, supplement or cosmetic and is not intended to diagnose, treat, cure or prevent any disease. Sold only to qualified researchers aged 21 or older.</p>",0.05,1,1,2,,"BA10,SMO10,CP10",Buy Tesamorelin 10mg Research Peptide %sep% %sitename%,"Tesamorelin 10mg lyophilized research peptide, 10mg per vial. Save 10% on 3+ vials, 15% on 5+. Fast shipping. Research use only.",tesamorelin 10mg,Buy Tesamorelin 10mg Research Peptide %%sep%% %%sitename%%,"Tesamorelin 10mg lyophilized research peptide, 10mg per vial. Save 10% on 3+ vials, 15% on 5+. Fast shipping. Research use only.",tesamorelin 10mg,
simple,SM5,Semaglutide 5mg,1,0,visible,"Semaglutide is a GLP-1 receptor agonist analog carrying a C-18 fatty diacid side chain that binds serum albumin, giving it a long half-life. Lyophilized powder, 5mg per sealed vial. For laboratory research use only. Not for human or veterinary use.",taxable,1,80,0,10.99,Research Peptides > GLP-1 & Metabolic,"Semaglutide, GLP-1, Incretin",3,"<h2>Semaglutide 5mg</h2><p>Semaglutide is a GLP-1 receptor agonist analog carrying a C-18 fatty diacid side chain that binds serum albumin, giving it a long half-life. It is one of the most widely studied incretin analogs.</p><h3>Research focus</h3><p>GLP-1 receptor pharmacology, glucose homeostasis, insulin secretion and appetite signaling in metabolic research models.</p><h3>Specifications</h3><ul><li>Contents: 5mg per vial</li><li>Form: lyophilized (freeze-dried) powder</li><li>Container: sealed glass vial</li><li>Storage: keep lyophilized vials frozen at −20 °C, protected from light. Once reconstituted, refrigerate at 2–8 °C.</li><li>Reconstitution: bacteriostatic water, sold separately</li></ul><h3>Volume pricing</h3><p>Save 10% when your order contains 3 or more research vials, and 15% at 5 or more. Mix and match across the catalog; the discount applies automatically in the cart.</p><h3>Research use only</h3><p>For laboratory research use only. Not for human or veterinary use. This product is not a drug, food, supplement or cosmetic and is not intended to diagnose, treat, cure or prevent any disease. Sold only to qualified researchers aged 21 or older.</p>",0.05,1,1,2,SM10,"BA10,TR10,CGL10",Buy Semaglutide 5mg Research Peptide %sep% %sitename%,"Semaglutide 5mg lyophilized research peptide, 5mg per vial. Save 10% on 3+ vials, 15% on 5+. Fast shipping. Research use only.",semaglutide 5mg,Buy Semaglutide 5mg Research Peptide %%sep%% %%sitename%%,"Semaglutide 5mg lyophilized research peptide, 5mg per vial. Save 10% on 3+ vials, 15% on 5+. Fast shipping. Research use only.",semaglutide 5mg,
simple,BC10,BPC-157 10mg,1,0,visible,"BPC-157 (Body Protection Compound-157) is a synthetic 15-amino-acid peptide derived from a sequence found in a human gastric protein. Lyophilized powder, 10mg per sealed vial. For laboratory research use only. Not for human or veterinary use.",taxable,1,100,0,13.99,Research Peptides > Recovery & Repair,"BPC-157, Body Protection Compound, Recovery",5,"<h2>BPC-157 10mg</h2><p>BPC-157 (Body Protection Compound-157) is a synthetic 15-amino-acid peptide derived from a sequence found in a human gastric protein.</p><h3>Research focus</h3><p>Tissue repair, angiogenesis, tendon and ligament healing, and gastrointestinal research in animal and cell models.</p><h3>Specifications</h3><ul><li>Contents: 10mg per vial</li><li>Form: lyophilized (freeze-dried) powder</li><li>Container: sealed glass vial</li><li>Storage: keep lyophilized vials frozen at −20 °C, protected from light. Once reconstituted, refrigerate at 2–8 °C.</li><li>Reconstitution: bacteriostatic water, sold separately</li></ul><h3>Volume pricing</h3><p>Save 10% when your order contains 3 or more research vials, and 15% at 5 or more. Mix and match across the catalog; the discount applies automatically in the cart.</p><h3>Research use only</h3><p>For laboratory research use only. Not for human or veterinary use. This product is not a drug, food, supplement or cosmetic and is not intended to diagnose, treat, cure or prevent any disease. Sold only to qualified researchers aged 21 or older.</p>",0.05,1,1,2,"BB10,KLOW80","BA10,BT10",Buy BPC-157 10mg Research Peptide %sep% %sitename%,"BPC-157 10mg lyophilized research peptide, 10mg per vial. Save 10% on 3+ vials, 15% on 5+. Fast shipping. Research use only.",bpc-157 10mg,Buy BPC-157 10mg Research Peptide %%sep%% %%sitename%%,"BPC-157 10mg lyophilized research peptide, 10mg per vial. Save 10% on 3+ vials, 15% on 5+. Fast shipping. Research use only.",bpc-157 10mg,
simple,BT10,TB-500 (Thymosin Beta-4) 10mg,1,0,visible,"TB-500 is a synthetic peptide based on the active region of thymosin beta-4, an actin-sequestering protein present in nearly all human cells. Lyophilized powder, 10mg per sealed vial. For laboratory research use only. Not for human or veterinary use.",taxable,1,40,0,23.99,Research Peptides > Recovery & Repair,"TB-500, Thymosin Beta-4, Recovery",11,"<h2>TB-500 (Thymosin Beta-4) 10mg</h2><p>TB-500 is a synthetic peptide based on the active region of thymosin beta-4, an actin-sequestering protein present in nearly all human cells.</p><h3>Research focus</h3><p>Cell migration, actin regulation, wound healing and tissue regeneration models.</p><h3>Specifications</h3><ul><li>Contents: 10mg per vial</li><li>Form: lyophilized (freeze-dried) powder</li><li>Container: sealed glass vial</li><li>Storage: keep lyophilized vials frozen at −20 °C, protected from light. Once reconstituted, refrigerate at 2–8 °C.</li><li>Reconstitution: bacteriostatic water, sold separately</li></ul><h3>Volume pricing</h3><p>Save 10% when your order contains 3 or more research vials, and 15% at 5 or more. Mix and match across the catalog; the discount applies automatically in the cart.</p><h3>Research use only</h3><p>For laboratory research use only. Not for human or veterinary use. This product is not a drug, food, supplement or cosmetic and is not intended to diagnose, treat, cure or prevent any disease. Sold only to qualified researchers aged 21 or older.</p>",0.05,1,1,2,"BB10,KLOW80","BA10,BC10",Buy TB-500 (Thymosin Beta-4) 10mg Research Peptide %sep% %sitename%,"TB-500 (Thymosin Beta-4) 10mg lyophilized research peptide, 10mg per vial. Save 10% on 3+ vials, 15% on 5+. Fast shipping. Research use only.",tb-500 10mg,Buy TB-500 (Thymosin Beta-4) 10mg Research Peptide %%sep%% %%sitename%%,"TB-500 (Thymosin Beta-4) 10mg lyophilized research peptide, 10mg per vial. Save 10% on 3+ vials, 15% on 5+. Fast shipping. Research use only.",tb-500 10mg,
simple,KLOW80,KLOW Blend 80mg (BPC-157 10 + TB-500 10),1,0,visible,"KLOW is a multi-peptide repair blend built on BPC-157 (10 mg) and TB-500 (10 mg). Lyophilized powder, 80mg per sealed vial. For laboratory research use only. Not for human or veterinary use.",taxable,1,20,0,33.99,Research Peptides > Recovery & Repair,"KLOW, BPC-157, TB-500, Blend, Recovery",17,"<h2>KLOW Blend 80mg (BPC-157 10 + TB-500 10)</h2><p>KLOW is a multi-peptide repair blend built on BPC-157 (10 mg) and TB-500 (10 mg). See the vial label for the full composition.</p><h3>Research focus</h3><p>Multi-pathway tissue repair, inflammation and regeneration research.</p><h3>Specifications</h3><ul><li>Contents: 80mg per vial</li><li>Form: lyophilized (freeze-dried) powder</li><li>Container: sealed glass vial</li><li>Storage: keep lyophilized vials frozen at −20 °C, protected from light. Once reconstituted, refrigerate at 2–8 °C.</li><li>Reconstitution: bacteriostatic water, sold separately</li></ul><h3>Volume pricing</h3><p>Save 10% when your order contains 3 or more research vials, and 15% at 5 or more. Mix and match across the catalog; the discount applies automatically in the cart.</p><h3>Research use only</h3><p>For laboratory research use only. Not for human or veterinary use. This product is not a drug, food, supplement or cosmetic and is not intended to diagnose, treat, cure or prevent any disease. Sold only to qualified researchers aged 21 or older.</p>",0.05,1,1,2,,"BA10,CU50,KP5",Buy KLOW Blend 80mg Research Peptide %sep% %sitename%,"KLOW Blend 80mg (BPC-157 10 + TB-500 10) lyophilized research peptide, 80mg per vial. Save 10% on 3+ vials, 15% on 5+. Fast shipping. Research use only.",klow blend 80mg,Buy KLOW Blend 80mg Research Peptide %%sep%% %%sitename%%,"KLOW Blend 80mg (BPC-157 10 + TB-500 10) lyophilized research peptide, 80mg per vial. Save 10% on 3+ vials, 15% on 5+. Fast shipping. Research use only.",klow blend 80mg,
simple,BBG70,BBG Blend 70mg (BPC-157 10 + TB-500 10),1,0,visible,"BBG is a multi-peptide repair blend built on BPC-157 (10 mg) and TB-500 (10 mg). Lyophilized powder, 70mg per sealed vial. For laboratory research use only. Not for human or veterinary use.",taxable,1,20,0,31.99,Research Peptides > Recovery & Repair,"BBG, BPC-157, TB-500, Blend, Recovery",16,"<h2>BBG Blend 70mg (BPC-157 10 + TB-500 10)</h2><p>BBG is a multi-peptide repair blend built on BPC-157 (10 mg) and TB-500 (10 mg). See the vial label for the full composition.</p><h3>Research focus</h3><p>Multi-pathway tissue repair and skin regeneration research.</p><h3>Specifications</h3><ul><li>Contents: 70mg per vial</li><li>Form: lyophilized (freeze-dried) powder</li><li>Container: sealed glass vial</li><li>Storage: keep lyophilized vials frozen at −20 °C, protected from light. Once reconstituted, refrigerate at 2–8 °C.</li><li>Reconstitution: bacteriostatic water, sold separately</li></ul><h3>Volume pricing</h3><p>Save 10% when your order contains 3 or more research vials, and 15% at 5 or more. Mix and match across the catalog; the discount applies automatically in the cart.</p><h3>Research use only</h3><p>For laboratory research use only. Not for human or veterinary use. This product is not a drug, food, supplement or cosmetic and is not intended to diagnose, treat, cure or prevent any disease. Sold only to qualified researchers aged 21 or older.</p>",0.05,1,1,2,KLOW80,"BA10,CU50",Buy BBG Blend 70mg Research Peptide %sep% %sitename%,"BBG Blend 70mg (BPC-157 10 + TB-500 10) lyophilized research peptide, 70mg per vial. Save 10% on 3+ vials, 15% on 5+. Fast shipping. Research use only.",bbg blend 70mg,Buy BBG Blend 70mg Research Peptide %%sep%% %%sitename%%,"BBG Blend 70mg (BPC-157 10 + TB-500 10) lyophilized research peptide, 70mg per vial. Save 10% on 3+ vials, 15% on 5+. Fast shipping. Research use only.",bbg blend 70mg,
simple,BB10,BPC-157 + TB-500 Blend 10mg (5+5),1,0,visible,"A pre-combined blend of BPC-157 and TB-500 (thymosin beta-4 fragment), the two most studied repair peptides, in a single vial. Lyophilized powder, 10mg per sealed vial. For laboratory research use only. Not for human or veterinary use.",taxable,1,20,0,21.99,Research Peptides > Recovery & Repair,"BPC-157, TB-500, Blend, Recovery",9.5,"<h2>BPC-157 + TB-500 Blend 10mg (5+5)</h2><p>A pre-combined blend of BPC-157 and TB-500 (thymosin beta-4 fragment), the two most studied repair peptides, in a single vial.</p><h3>Research focus</h3><p>Combined tissue repair, angiogenesis and cell migration research.</p><h3>Specifications</h3><ul><li>Contents: 10mg per vial</li><li>Form: lyophilized (freeze-dried) powder</li><li>Container: sealed glass vial</li><li>Storage: keep lyophilized vials frozen at −20 °C, protected from light. Once reconstituted, refrigerate at 2–8 °C.</li><li>Reconstitution: bacteriostatic water, sold separately</li></ul><h3>Volume pricing</h3><p>Save 10% when your order contains 3 or more research vials, and 15% at 5 or more. Mix and match across the catalog; the discount applies automatically in the cart.</p><h3>Research use only</h3><p>For laboratory research use only. Not for human or veterinary use. This product is not a drug, food, supplement or cosmetic and is not intended to diagnose, treat, cure or prevent any disease. Sold only to qualified researchers aged 21 or older.</p>",0.05,1,1,2,"KLOW80,BBG70","BA10,CU50",Buy BPC-157 + TB-500 Blend 10mg (5+5) for Research %sep% %sitename%,"BPC-157 + TB-500 Blend 10mg (5+5) lyophilized research peptide, 10mg per vial. Save 10% on 3+ vials, 15% on 5+. Fast shipping. Research use only.",bpc-157 + tb-500 blend 10mg,Buy BPC-157 + TB-500 Blend 10mg (5+5) for Research %%sep%% %%sitename%%,"BPC-157 + TB-500 Blend 10mg (5+5) lyophilized research peptide, 10mg per vial. Save 10% on 3+ vials, 15% on 5+. Fast shipping. Research use only.",bpc-157 + tb-500 blend 10mg,
simple,BA10,Bacteriostatic Water 10ml,1,0,visible,"10 mL multi-use vial of sterile water with 0.9% benzyl alcohol, used to reconstitute lyophilized peptides. For laboratory research use only. Not for human or veterinary use.",taxable,1,1000,0,5.99,Lab Supplies,"Bacteriostatic water, Reconstitution, Lab supplies",1,"<h2>Bacteriostatic Water 10 mL</h2><p>Sterile water containing 0.9% benzyl alcohol as a bacteriostatic preservative, supplied in a 10 mL multi-use vial. The preservative inhibits bacterial growth, so the vial can be drawn from repeatedly over the course of a study. It is the standard diluent for reconstituting lyophilized research peptides.</p><h3>Specifications</h3><ul><li>Volume: 10 mL per vial</li><li>Contents: sterile water, 0.9% benzyl alcohol</li><li>Container: multi-use vial with rubber stopper</li><li>Storage: room temperature, out of direct light</li></ul><h3>Research use only</h3><p>For laboratory research use only. Not for human or veterinary use. Not intended for injection, ingestion or any clinical use.</p>",0.08,1.25,1.25,2.5,,"BC10,SM5,TR10",Bacteriostatic Water 10ml for Reconstitution %sep% %sitename%,Bacteriostatic water 10 mL with 0.9% benzyl alcohol for reconstituting lyophilized research peptides. Ships fast. For laboratory research use only.,bacteriostatic water 10ml,Bacteriostatic Water 10ml for Reconstitution %%sep%% %%sitename%%,Bacteriostatic water 10 mL with 0.9% benzyl alcohol for reconstituting lyophilized research peptides. Ships fast. For laboratory research use only.,bacteriostatic water 10ml,
simple,SMO10,Sermorelin 10mg,1,0,visible,"Sermorelin is GHRH(1-29), the shortest fully functional fragment of endogenous growth hormone-releasing hormone. Lyophilized powder, 10mg per sealed vial. For laboratory research use only. Not for human or veterinary use.",taxable,1,140,0,21.99,Research Peptides > Growth Hormone Secretagogues,"Sermorelin, GHRH, GRF 1-29, Growth hormone",9.5,"<h2>Sermorelin 10mg</h2><p>Sermorelin is GHRH(1-29), the shortest fully functional fragment of endogenous growth hormone-releasing hormone.</p><h3>Research focus</h3><p>Pituitary growth hormone release, GHRH receptor activity and the GH/IGF-1 axis.</p><h3>Specifications</h3><ul><li>Contents: 10mg per vial</li><li>Form: lyophilized (freeze-dried) powder</li><li>Container: sealed glass vial</li><li>Storage: keep lyophilized vials frozen at −20 °C, protected from light. Once reconstituted, refrigerate at 2–8 °C.</li><li>Reconstitution: bacteriostatic water, sold separately</li></ul><h3>Volume pricing</h3><p>Save 10% when your order contains 3 or more research vials, and 15% at 5 or more. Mix and match across the catalog; the discount applies automatically in the cart.</p><h3>Research use only</h3><p>For laboratory research use only. Not for human or veterinary use. This product is not a drug, food, supplement or cosmetic and is not intended to diagnose, treat, cure or prevent any disease. Sold only to qualified researchers aged 21 or older.</p>",0.05,1,1,2,,"BA10,IP10",Buy Sermorelin 10mg Research Peptide %sep% %sitename%,"Sermorelin 10mg lyophilized research peptide, 10mg per vial. Save 10% on 3+ vials, 15% on 5+. Fast shipping. Research use only.",sermorelin 10mg,Buy Sermorelin 10mg Research Peptide %%sep%% %%sitename%%,"Sermorelin 10mg lyophilized research peptide, 10mg per vial. Save 10% on 3+ vials, 15% on 5+. Fast shipping. Research use only.",sermorelin 10mg,
simple,SMO5,Sermorelin 5mg,1,0,visible,"Sermorelin is GHRH(1-29), the shortest fully functional fragment of endogenous growth hormone-releasing hormone. Lyophilized powder, 5mg per sealed vial. For laboratory research use only. Not for human or veterinary use.",taxable,1,40,0,15.99,Research Peptides > Growth Hormone Secretagogues,"Sermorelin, GHRH, GRF 1-29, Growth hormone",6,"<h2>Sermorelin 5mg</h2><p>Sermorelin is GHRH(1-29), the shortest fully functional fragment of endogenous growth hormone-releasing hormone.</p><h3>Research focus</h3><p>Pituitary growth hormone release, GHRH receptor activity and the GH/IGF-1 axis.</p><h3>Specifications</h3><ul><li>Contents: 5mg per vial</li><li>Form: lyophilized (freeze-dried) powder</li><li>Container: sealed glass vial</li><li>Storage: keep lyophilized vials frozen at −20 °C, protected from light. Once reconstituted, refrigerate at 2–8 °C.</li><li>Reconstitution: bacteriostatic water, sold separately</li></ul><h3>Volume pricing</h3><p>Save 10% when your order contains 3 or more research vials, and 15% at 5 or more. Mix and match across the catalog; the discount applies automatically in the cart.</p><h3>Research use only</h3><p>For laboratory research use only. Not for human or veterinary use. This product is not a drug, food, supplement or cosmetic and is not intended to diagnose, treat, cure or prevent any disease. Sold only to qualified researchers aged 21 or older.</p>",0.05,1,1,2,SMO10,"BA10,IP5",Buy Sermorelin 5mg Research Peptide %sep% %sitename%,"Sermorelin 5mg lyophilized research peptide, 5mg per vial. Save 10% on 3+ vials, 15% on 5+. Fast shipping. Research use only.",sermorelin 5mg,Buy Sermorelin 5mg Research Peptide %%sep%% %%sitename%%,"Sermorelin 5mg lyophilized research peptide, 5mg per vial. Save 10% on 3+ vials, 15% on 5+. Fast shipping. Research use only.",sermorelin 5mg,
simple,SM2,Semaglutide 2mg,1,0,visible,"Semaglutide is a GLP-1 receptor agonist analog carrying a C-18 fatty diacid side chain that binds serum albumin, giving it a long half-life. Lyophilized powder, 2mg per sealed vial. For laboratory research use only. Not for human or veterinary use.",taxable,1,40,0,9.99,Research Peptides > GLP-1 & Metabolic,"Semaglutide, GLP-1, Incretin",2.8,"<h2>Semaglutide 2mg</h2><p>Semaglutide is a GLP-1 receptor agonist analog carrying a C-18 fatty diacid side chain that binds serum albumin, giving it a long half-life. It is one of the most widely studied incretin analogs.</p><h3>Research focus</h3><p>GLP-1 receptor pharmacology, glucose homeostasis, insulin secretion and appetite signaling in metabolic research models.</p><h3>Specifications</h3><ul><li>Contents: 2mg per vial</li><li>Form: lyophilized (freeze-dried) powder</li><li>Container: sealed glass vial</li><li>Storage: keep lyophilized vials frozen at −20 °C, protected from light. Once reconstituted, refrigerate at 2–8 °C.</li><li>Reconstitution: bacteriostatic water, sold separately</li></ul><h3>Volume pricing</h3><p>Save 10% when your order contains 3 or more research vials, and 15% at 5 or more. Mix and match across the catalog; the discount applies automatically in the cart.</p><h3>Research use only</h3><p>For laboratory research use only. Not for human or veterinary use. This product is not a drug, food, supplement or cosmetic and is not intended to diagnose, treat, cure or prevent any disease. Sold only to qualified researchers aged 21 or older.</p>",0.05,1,1,2,"SM5,SM10","BA10,TR10",Buy Semaglutide 2mg Research Peptide %sep% %sitename%,"Semaglutide 2mg lyophilized research peptide, 2mg per vial. Save 10% on 3+ vials, 15% on 5+. Fast shipping. Research use only.",semaglutide 2mg,Buy Semaglutide 2mg Research Peptide %%sep%% %%sitename%%,"Semaglutide 2mg lyophilized research peptide, 2mg per vial. Save 10% on 3+ vials, 15% on 5+. Fast shipping. Research use only.",semaglutide 2mg,
simple,SM10,Semaglutide 10mg,1,0,visible,"Semaglutide is a GLP-1 receptor agonist analog carrying a C-18 fatty diacid side chain that binds serum albumin, giving it a long half-life. Lyophilized powder, 10mg per sealed vial. For laboratory research use only. Not for human or veterinary use.",taxable,1,60,0,12.99,Research Peptides > GLP-1 & Metabolic,"Semaglutide, GLP-1, Incretin",4.5,"<h2>Semaglutide 10mg</h2><p>Semaglutide is a GLP-1 receptor agonist analog carrying a C-18 fatty diacid side chain that binds serum albumin, giving it a long half-life. It is one of the most widely studied incretin analogs.</p><h3>Research focus</h3><p>GLP-1 receptor pharmacology, glucose homeostasis, insulin secretion and appetite signaling in metabolic research models.</p><h3>Specifications</h3><ul><li>Contents: 10mg per vial</li><li>Form: lyophilized (freeze-dried) powder</li><li>Container: sealed glass vial</li><li>Storage: keep lyophilized vials frozen at −20 °C, protected from light. Once reconstituted, refrigerate at 2–8 °C.</li><li>Reconstitution: bacteriostatic water, sold separately</li></ul><h3>Volume pricing</h3><p>Save 10% when your order contains 3 or more research vials, and 15% at 5 or more. Mix and match across the catalog; the discount applies automatically in the cart.</p><h3>Research use only</h3><p>For laboratory research use only. Not for human or veterinary use. This product is not a drug, food, supplement or cosmetic and is not intended to diagnose, treat, cure or prevent any disease. Sold only to qualified researchers aged 21 or older.</p>",0.05,1,1,2,,"BA10,TR20,CGL10",Buy Semaglutide 10mg Research Peptide %sep% %sitename%,"Semaglutide 10mg lyophilized research peptide, 10mg per vial. Save 10% on 3+ vials, 15% on 5+. Fast shipping. Research use only.",semaglutide 10mg,Buy Semaglutide 10mg Research Peptide %%sep%% %%sitename%%,"Semaglutide 10mg lyophilized research peptide, 10mg per vial. Save 10% on 3+ vials, 15% on 5+. Fast shipping. Research use only.",semaglutide 10mg,
simple,TR10,Tirzepatide 10mg,1,0,visible,"Tirzepatide is a 39-amino-acid dual agonist of the GIP and GLP-1 receptors, acylated with a fatty diacid moiety for albumin binding and extended half-life. Lyophilized powder, 10mg per sealed vial. For laboratory research use only. Not for human or veterinary use.",taxable,1,80,0,12.99,Research Peptides > GLP-1 & Metabolic,"Tirzepatide, GLP-1, GIP, Dual agonist, Incretin",4.5,"<h2>Tirzepatide 10mg</h2><p>Tirzepatide is a 39-amino-acid dual agonist of the GIP and GLP-1 receptors, acylated with a fatty diacid moiety for albumin binding and extended half-life.</p><h3>Research focus</h3><p>Dual-incretin signaling, insulin secretion, insulin sensitivity and energy balance in metabolic research models.</p><h3>Specifications</h3><ul><li>Contents: 10mg per vial</li><li>Form: lyophilized (freeze-dried) powder</li><li>Container: sealed glass vial</li><li>Storage: keep lyophilized vials frozen at −20 °C, protected from light. Once reconstituted, refrigerate at 2–8 °C.</li><li>Reconstitution: bacteriostatic water, sold separately</li></ul><h3>Volume pricing</h3><p>Save 10% when your order contains 3 or more research vials, and 15% at 5 or more. Mix and match across the catalog; the discount applies automatically in the cart.</p><h3>Research use only</h3><p>For laboratory research use only. Not for human or veterinary use. This product is not a drug, food, supplement or cosmetic and is not intended to diagnose, treat, cure or prevent any disease. Sold only to qualified researchers aged 21 or older.</p>",0.05,1,1,2,TR20,"BA10,CGL10",Buy Tirzepatide 10mg Research Peptide %sep% %sitename%,"Tirzepatide 10mg lyophilized research peptide, 10mg per vial. Save 10% on 3+ vials, 15% on 5+. Fast shipping. Research use only.",tirzepatide 10mg,Buy Tirzepatide 10mg Research Peptide %%sep%% %%sitename%%,"Tirzepatide 10mg lyophilized research peptide, 10mg per vial. Save 10% on 3+ vials, 15% on 5+. Fast shipping. Research use only.",tirzepatide 10mg,
simple,TR20,Tirzepatide 20mg,1,0,visible,"Tirzepatide is a 39-amino-acid dual agonist of the GIP and GLP-1 receptors, acylated with a fatty diacid moiety for albumin binding and extended half-life. Lyophilized powder, 20mg per sealed vial. For laboratory research use only. Not for human or veterinary use.",taxable,1,40,0,16.99,Research Peptides > GLP-1 & Metabolic,"Tirzepatide, GLP-1, GIP, Dual agonist, Incretin",7,"<h2>Tirzepatide 20mg</h2><p>Tirzepatide is a 39-amino-acid dual agonist of the GIP and GLP-1 receptors, acylated with a fatty diacid moiety for albumin binding and extended half-life.</p><h3>Research focus</h3><p>Dual-incretin signaling, insulin secretion, insulin sensitivity and energy balance in metabolic research models.</p><h3>Specifications</h3><ul><li>Contents: 20mg per vial</li><li>Form: lyophilized (freeze-dried) powder</li><li>Container: sealed glass vial</li><li>Storage: keep lyophilized vials frozen at −20 °C, protected from light. Once reconstituted, refrigerate at 2–8 °C.</li><li>Reconstitution: bacteriostatic water, sold separately</li></ul><h3>Volume pricing</h3><p>Save 10% when your order contains 3 or more research vials, and 15% at 5 or more. Mix and match across the catalog; the discount applies automatically in the cart.</p><h3>Research use only</h3><p>For laboratory research use only. Not for human or veterinary use. This product is not a drug, food, supplement or cosmetic and is not intended to diagnose, treat, cure or prevent any disease. Sold only to qualified researchers aged 21 or older.</p>",0.05,1,1,2,,"BA10,CGL10",Buy Tirzepatide 20mg Research Peptide %sep% %sitename%,"Tirzepatide 20mg lyophilized research peptide, 20mg per vial. Save 10% on 3+ vials, 15% on 5+. Fast shipping. Research use only.",tirzepatide 20mg,Buy Tirzepatide 20mg Research Peptide %%sep%% %%sitename%%,"Tirzepatide 20mg lyophilized research peptide, 20mg per vial. Save 10% on 3+ vials, 15% on 5+. Fast shipping. Research use only.",tirzepatide 20mg,
simple,BC5,BPC-157 5mg,1,0,visible,"BPC-157 (Body Protection Compound-157) is a synthetic 15-amino-acid peptide derived from a sequence found in a human gastric protein. Lyophilized powder, 5mg per sealed vial. For laboratory research use only. Not for human or veterinary use.",taxable,1,60,0,11.99,Research Peptides > Recovery & Repair,"BPC-157, Body Protection Compound, Recovery",4,"<h2>BPC-157 5mg</h2><p>BPC-157 (Body Protection Compound-157) is a synthetic 15-amino-acid peptide derived from a sequence found in a human gastric protein.</p><h3>Research focus</h3><p>Tissue repair, angiogenesis, tendon and ligament healing, and gastrointestinal research in animal and cell models.</p><h3>Specifications</h3><ul><li>Contents: 5mg per vial</li><li>Form: lyophilized (freeze-dried) powder</li><li>Container: sealed glass vial</li><li>Storage: keep lyophilized vials frozen at −20 °C, protected from light. Once reconstituted, refrigerate at 2–8 °C.</li><li>Reconstitution: bacteriostatic water, sold separately</li></ul><h3>Volume pricing</h3><p>Save 10% when your order contains 3 or more research vials, and 15% at 5 or more. Mix and match across the catalog; the discount applies automatically in the cart.</p><h3>Research use only</h3><p>For laboratory research use only. Not for human or veterinary use. This product is not a drug, food, supplement or cosmetic and is not intended to diagnose, treat, cure or prevent any disease. Sold only to qualified researchers aged 21 or older.</p>",0.05,1,1,2,"BC10,BB10","BA10,BT10",Buy BPC-157 5mg Research Peptide %sep% %sitename%,"BPC-157 5mg lyophilized research peptide, 5mg per vial. Save 10% on 3+ vials, 15% on 5+. Fast shipping. Research use only.",bpc-157 5mg,Buy BPC-157 5mg Research Peptide %%sep%% %%sitename%%,"BPC-157 5mg lyophilized research peptide, 5mg per vial. Save 10% on 3+ vials, 15% on 5+. Fast shipping. Research use only.",bpc-157 5mg,
simple,CU50,GHK-Cu (Copper Peptide) 50mg,1,0,visible,"GHK-Cu is the naturally occurring tripeptide glycyl-L-histidyl-L-lysine complexed with copper(II). Lyophilized powder, 50mg per sealed vial. For laboratory research use only. Not for human or veterinary use.",taxable,1,80,0,9.99,Research Peptides > Longevity & Cellular Health,"GHK-Cu, Copper peptide, Skin, Longevity",2.8,"<h2>GHK-Cu (Copper Peptide) 50mg</h2><p>GHK-Cu is the naturally occurring tripeptide glycyl-L-histidyl-L-lysine complexed with copper(II). Plasma levels of GHK decline with age.</p><h3>Research focus</h3><p>Collagen and extracellular matrix synthesis, skin and wound models, and gene-expression studies.</p><h3>Specifications</h3><ul><li>Contents: 50mg per vial</li><li>Form: lyophilized (freeze-dried) powder</li><li>Container: sealed glass vial</li><li>Storage: keep lyophilized vials frozen at −20 °C, protected from light. Once reconstituted, refrigerate at 2–8 °C.</li><li>Reconstitution: bacteriostatic water, sold separately</li></ul><h3>Volume pricing</h3><p>Save 10% when your order contains 3 or more research vials, and 15% at 5 or more. Mix and match across the catalog; the discount applies automatically in the cart.</p><h3>Research use only</h3><p>For laboratory research use only. Not for human or veterinary use. This product is not a drug, food, supplement or cosmetic and is not intended to diagnose, treat, cure or prevent any disease. Sold only to qualified researchers aged 21 or older.</p>",0.05,1,1,2,,"BA10,BC10,NJ500",Buy GHK-Cu (Copper Peptide) 50mg Research Peptide %sep% %sitename%,"GHK-Cu (Copper Peptide) 50mg lyophilized research peptide, 50mg per vial. Save 10% on 3+ vials, 15% on 5+. Fast shipping. Research use only.",ghk-cu 50mg,Buy GHK-Cu (Copper Peptide) 50mg Research Peptide %%sep%% %%sitename%%,"GHK-Cu (Copper Peptide) 50mg lyophilized research peptide, 50mg per vial. Save 10% on 3+ vials, 15% on 5+. Fast shipping. Research use only.",ghk-cu 50mg,
simple,IP10,Ipamorelin 10mg,1,0,visible,"Ipamorelin is a selective pentapeptide agonist of the ghrelin receptor (GHS-R1a). Lyophilized powder, 10mg per sealed vial. For laboratory research use only. Not for human or veterinary use.",taxable,1,40,0,14.99,Research Peptides > Growth Hormone Secretagogues,"Ipamorelin, GHRP, Ghrelin agonist, Growth hormone",5.5,"<h2>Ipamorelin 10mg</h2><p>Ipamorelin is a selective pentapeptide agonist of the ghrelin receptor (GHS-R1a). The literature notes growth hormone release with little effect on cortisol or prolactin.</p><h3>Research focus</h3><p>Selective growth hormone secretagogue activity, ghrelin-receptor pharmacology and GH pulse studies.</p><h3>Specifications</h3><ul><li>Contents: 10mg per vial</li><li>Form: lyophilized (freeze-dried) powder</li><li>Container: sealed glass vial</li><li>Storage: keep lyophilized vials frozen at −20 °C, protected from light. Once reconstituted, refrigerate at 2–8 °C.</li><li>Reconstitution: bacteriostatic water, sold separately</li></ul><h3>Volume pricing</h3><p>Save 10% when your order contains 3 or more research vials, and 15% at 5 or more. Mix and match across the catalog; the discount applies automatically in the cart.</p><h3>Research use only</h3><p>For laboratory research use only. Not for human or veterinary use. This product is not a drug, food, supplement or cosmetic and is not intended to diagnose, treat, cure or prevent any disease. Sold only to qualified researchers aged 21 or older.</p>",0.05,1,1,2,CP10,"BA10,CND5",Buy Ipamorelin 10mg Research Peptide %sep% %sitename%,"Ipamorelin 10mg lyophilized research peptide, 10mg per vial. Save 10% on 3+ vials, 15% on 5+. Fast shipping. Research use only.",ipamorelin 10mg,Buy Ipamorelin 10mg Research Peptide %%sep%% %%sitename%%,"Ipamorelin 10mg lyophilized research peptide, 10mg per vial. Save 10% on 3+ vials, 15% on 5+. Fast shipping. Research use only.",ipamorelin 10mg,
simple,IP5,Ipamorelin 5mg,1,0,visible,"Ipamorelin is a selective pentapeptide agonist of the ghrelin receptor (GHS-R1a). Lyophilized powder, 5mg per sealed vial. For laboratory research use only. Not for human or veterinary use.",taxable,1,20,0,11.99,Research Peptides > Growth Hormone Secretagogues,"Ipamorelin, GHRP, Ghrelin agonist, Growth hormone",4,"<h2>Ipamorelin 5mg</h2><p>Ipamorelin is a selective pentapeptide agonist of the ghrelin receptor (GHS-R1a). The literature notes growth hormone release with little effect on cortisol or prolactin.</p><h3>Research focus</h3><p>Selective growth hormone secretagogue activity, ghrelin-receptor pharmacology and GH pulse studies.</p><h3>Specifications</h3><ul><li>Contents: 5mg per vial</li><li>Form: lyophilized (freeze-dried) powder</li><li>Container: sealed glass vial</li><li>Storage: keep lyophilized vials frozen at −20 °C, protected from light. Once reconstituted, refrigerate at 2–8 °C.</li><li>Reconstitution: bacteriostatic water, sold separately</li></ul><h3>Volume pricing</h3><p>Save 10% when your order contains 3 or more research vials, and 15% at 5 or more. Mix and match across the catalog; the discount applies automatically in the cart.</p><h3>Research use only</h3><p>For laboratory research use only. Not for human or veterinary use. This product is not a drug, food, supplement or cosmetic and is not intended to diagnose, treat, cure or prevent any disease. Sold only to qualified researchers aged 21 or older.</p>",0.05,1,1,2,"IP10,CP10","BA10,CND5",Buy Ipamorelin 5mg Research Peptide %sep% %sitename%,"Ipamorelin 5mg lyophilized research peptide, 5mg per vial. Save 10% on 3+ vials, 15% on 5+. Fast shipping. Research use only.",ipamorelin 5mg,Buy Ipamorelin 5mg Research Peptide %%sep%% %%sitename%%,"Ipamorelin 5mg lyophilized research peptide, 5mg per vial. Save 10% on 3+ vials, 15% on 5+. Fast shipping. Research use only.",ipamorelin 5mg,
simple,CD5,CJC-1295 with DAC 5mg,1,0,visible,"CJC-1295 with DAC is a tetra-substituted GHRH analog conjugated to a Drug Affinity Complex (DAC) that binds serum albumin, extending its half-life from minutes to days. Lyophilized powder, 5mg per sealed vial. For laboratory research use only. Not for human or veterinary use.",taxable,1,20,0,26.99,Research Peptides > Growth Hormone Secretagogues,"CJC-1295, DAC, GHRH analog, Growth hormone",13,"<h2>CJC-1295 with DAC 5mg</h2><p>CJC-1295 with DAC is a tetra-substituted GHRH analog conjugated to a Drug Affinity Complex (DAC) that binds serum albumin, extending its half-life from minutes to days.</p><h3>Research focus</h3><p>Sustained GHRH receptor activation, GH and IGF-1 elevation over time, and long-acting peptide conjugate design.</p><h3>Specifications</h3><ul><li>Contents: 5mg per vial</li><li>Form: lyophilized (freeze-dried) powder</li><li>Container: sealed glass vial</li><li>Storage: keep lyophilized vials frozen at −20 °C, protected from light. Once reconstituted, refrigerate at 2–8 °C.</li><li>Reconstitution: bacteriostatic water, sold separately</li></ul><h3>Volume pricing</h3><p>Save 10% when your order contains 3 or more research vials, and 15% at 5 or more. Mix and match across the catalog; the discount applies automatically in the cart.</p><h3>Research use only</h3><p>For laboratory research use only. Not for human or veterinary use. This product is not a drug, food, supplement or cosmetic and is not intended to diagnose, treat, cure or prevent any disease. Sold only to qualified researchers aged 21 or older.</p>",0.05,1,1,2,,"BA10,IP10",Buy CJC-1295 with DAC 5mg Research Peptide %sep% %sitename%,"CJC-1295 with DAC 5mg lyophilized research peptide, 5mg per vial. Save 10% on 3+ vials, 15% on 5+. Fast shipping. Research use only.",cjc-1295 with dac 5mg,Buy CJC-1295 with DAC 5mg Research Peptide %%sep%% %%sitename%%,"CJC-1295 with DAC 5mg lyophilized research peptide, 5mg per vial. Save 10% on 3+ vials, 15% on 5+. Fast shipping. Research use only.",cjc-1295 with dac 5mg,
simple,CGL10,Cagrilintide 10mg,1,0,visible,"Cagrilintide is a long-acting acylated analog of amylin, the pancreatic hormone co-secreted with insulin. Lyophilized powder, 10mg per sealed vial. For laboratory research use only. Not for human or veterinary use.",taxable,1,20,0,29.99,Research Peptides > GLP-1 & Metabolic,"Cagrilintide, Amylin analog, Metabolic",14.5,"<h2>Cagrilintide 10mg</h2><p>Cagrilintide is a long-acting acylated analog of amylin, the pancreatic hormone co-secreted with insulin.</p><h3>Research focus</h3><p>Amylin and calcitonin receptor signaling, satiety pathways and combination studies alongside GLP-1 analogs.</p><h3>Specifications</h3><ul><li>Contents: 10mg per vial</li><li>Form: lyophilized (freeze-dried) powder</li><li>Container: sealed glass vial</li><li>Storage: keep lyophilized vials frozen at −20 °C, protected from light. Once reconstituted, refrigerate at 2–8 °C.</li><li>Reconstitution: bacteriostatic water, sold separately</li></ul><h3>Volume pricing</h3><p>Save 10% when your order contains 3 or more research vials, and 15% at 5 or more. Mix and match across the catalog; the discount applies automatically in the cart.</p><h3>Research use only</h3><p>For laboratory research use only. Not for human or veterinary use. This product is not a drug, food, supplement or cosmetic and is not intended to diagnose, treat, cure or prevent any disease. Sold only to qualified researchers aged 21 or older.</p>",0.05,1,1,2,,"BA10,SM5,TR10",Buy Cagrilintide 10mg Research Peptide %sep% %sitename%,"Cagrilintide 10mg lyophilized research peptide, 10mg per vial. Save 10% on 3+ vials, 15% on 5+. Fast shipping. Research use only.",cagrilintide 10mg,Buy Cagrilintide 10mg Research Peptide %%sep%% %%sitename%%,"Cagrilintide 10mg lyophilized research peptide, 10mg per vial. Save 10% on 3+ vials, 15% on 5+. Fast shipping. Research use only.",cagrilintide 10mg,
simple,KP5,KPV 5mg,1,0,visible,"KPV is the C-terminal tripeptide (Lys-Pro-Val) of alpha-melanocyte-stimulating hormone. Lyophilized powder, 5mg per sealed vial. For laboratory research use only. Not for human or veterinary use.",taxable,1,20,0,12.99,Research Peptides > Immune & Inflammation,"KPV, Alpha-MSH, Anti-inflammatory",4.5,"<h2>KPV 5mg</h2><p>KPV is the C-terminal tripeptide (Lys-Pro-Val) of alpha-melanocyte-stimulating hormone.</p><h3>Research focus</h3><p>Inflammatory signaling (including NF-κB), intestinal epithelium and skin inflammation models.</p><h3>Specifications</h3><ul><li>Contents: 5mg per vial</li><li>Form: lyophilized (freeze-dried) powder</li><li>Container: sealed glass vial</li><li>Storage: keep lyophilized vials frozen at −20 °C, protected from light. Once reconstituted, refrigerate at 2–8 °C.</li><li>Reconstitution: bacteriostatic water, sold separately</li></ul><h3>Volume pricing</h3><p>Save 10% when your order contains 3 or more research vials, and 15% at 5 or more. Mix and match across the catalog; the discount applies automatically in the cart.</p><h3>Research use only</h3><p>For laboratory research use only. Not for human or veterinary use. This product is not a drug, food, supplement or cosmetic and is not intended to diagnose, treat, cure or prevent any disease. Sold only to qualified researchers aged 21 or older.</p>",0.05,1,1,2,,"BA10,BC10,TA5",Buy KPV 5mg Research Peptide %sep% %sitename%,"KPV 5mg lyophilized research peptide, 5mg per vial. Save 10% on 3+ vials, 15% on 5+. Fast shipping. Research use only.",kpv 5mg,Buy KPV 5mg Research Peptide %%sep%% %%sitename%%,"KPV 5mg lyophilized research peptide, 5mg per vial. Save 10% on 3+ vials, 15% on 5+. Fast shipping. Research use only.",kpv 5mg,
simple,MS10,MOTS-c 10mg,1,0,visible,"MOTS-c is a 16-amino-acid peptide encoded within the mitochondrial 12S rRNA gene, one of a small family of mitochondrial-derived peptides. Lyophilized powder, 10mg per sealed vial. For laboratory research use only. Not for human or veterinary use.",taxable,1,20,0,15.99,Research Peptides > Longevity & Cellular Health,"MOTS-c, Mitochondrial peptide, Metabolic, Longevity",6,"<h2>MOTS-c 10mg</h2><p>MOTS-c is a 16-amino-acid peptide encoded within the mitochondrial 12S rRNA gene, one of a small family of mitochondrial-derived peptides.</p><h3>Research focus</h3><p>AMPK activation, metabolic homeostasis, insulin sensitivity and exercise-physiology models.</p><h3>Specifications</h3><ul><li>Contents: 10mg per vial</li><li>Form: lyophilized (freeze-dried) powder</li><li>Container: sealed glass vial</li><li>Storage: keep lyophilized vials frozen at −20 °C, protected from light. Once reconstituted, refrigerate at 2–8 °C.</li><li>Reconstitution: bacteriostatic water, sold separately</li></ul><h3>Volume pricing</h3><p>Save 10% when your order contains 3 or more research vials, and 15% at 5 or more. Mix and match across the catalog; the discount applies automatically in the cart.</p><h3>Research use only</h3><p>For laboratory research use only. Not for human or veterinary use. This product is not a drug, food, supplement or cosmetic and is not intended to diagnose, treat, cure or prevent any disease. Sold only to qualified researchers aged 21 or older.</p>",0.05,1,1,2,,"BA10,NJ500",Buy MOTS-c 10mg Research Peptide %sep% %sitename%,"MOTS-c 10mg lyophilized research peptide, 10mg per vial. Save 10% on 3+ vials, 15% on 5+. Fast shipping. Research use only.",mots-c 10mg,Buy MOTS-c 10mg Research Peptide %%sep%% %%sitename%%,"MOTS-c 10mg lyophilized research peptide, 10mg per vial. Save 10% on 3+ vials, 15% on 5+. Fast shipping. Research use only.",mots-c 10mg,
simple,XA10,Semax 10mg,1,0,visible,"Semax is a synthetic heptapeptide analog of the ACTH(4-10) fragment, extended with a Pro-Gly-Pro sequence for stability. Lyophilized powder, 10mg per sealed vial. For laboratory research use only. Not for human or veterinary use.",taxable,1,20,0,16.99,Research Peptides > Cognitive & Sleep,"Semax, ACTH analog, Nootropic, Cognitive",7,"<h2>Semax 10mg</h2><p>Semax is a synthetic heptapeptide analog of the ACTH(4-10) fragment, extended with a Pro-Gly-Pro sequence for stability.</p><h3>Research focus</h3><p>BDNF expression, neuroprotection and cognitive-function research models.</p><h3>Specifications</h3><ul><li>Contents: 10mg per vial</li><li>Form: lyophilized (freeze-dried) powder</li><li>Container: sealed glass vial</li><li>Storage: keep lyophilized vials frozen at −20 °C, protected from light. Once reconstituted, refrigerate at 2–8 °C.</li><li>Reconstitution: bacteriostatic water, sold separately</li></ul><h3>Volume pricing</h3><p>Save 10% when your order contains 3 or more research vials, and 15% at 5 or more. Mix and match across the catalog; the discount applies automatically in the cart.</p><h3>Research use only</h3><p>For laboratory research use only. Not for human or veterinary use. This product is not a drug, food, supplement or cosmetic and is not intended to diagnose, treat, cure or prevent any disease. Sold only to qualified researchers aged 21 or older.</p>",0.05,1,1,2,,"BA10,SK10",Buy Semax 10mg Research Peptide %sep% %sitename%,"Semax 10mg lyophilized research peptide, 10mg per vial. Save 10% on 3+ vials, 15% on 5+. Fast shipping. Research use only.",semax 10mg,Buy Semax 10mg Research Peptide %%sep%% %%sitename%%,"Semax 10mg lyophilized research peptide, 10mg per vial. Save 10% on 3+ vials, 15% on 5+. Fast shipping. Research use only.",semax 10mg,
simple,SK10,Selank 10mg,1,0,visible,"Selank is a synthetic heptapeptide analog of tuftsin, an immunomodulatory peptide, extended with a Pro-Gly-Pro sequence for stability. Lyophilized powder, 10mg per sealed vial. For laboratory research use only. Not for human or veterinary use.",taxable,1,20,0,16.99,Research Peptides > Cognitive & Sleep,"Selank, Tuftsin analog, Nootropic, Cognitive",7,"<h2>Selank 10mg</h2><p>Selank is a synthetic heptapeptide analog of tuftsin, an immunomodulatory peptide, extended with a Pro-Gly-Pro sequence for stability.</p><h3>Research focus</h3><p>Anxiolytic research models, GABAergic modulation and immune signaling.</p><h3>Specifications</h3><ul><li>Contents: 10mg per vial</li><li>Form: lyophilized (freeze-dried) powder</li><li>Container: sealed glass vial</li><li>Storage: keep lyophilized vials frozen at −20 °C, protected from light. Once reconstituted, refrigerate at 2–8 °C.</li><li>Reconstitution: bacteriostatic water, sold separately</li></ul><h3>Volume pricing</h3><p>Save 10% when your order contains 3 or more research vials, and 15% at 5 or more. Mix and match across the catalog; the discount applies automatically in the cart.</p><h3>Research use only</h3><p>For laboratory research use only. Not for human or veterinary use. This product is not a drug, food, supplement or cosmetic and is not intended to diagnose, treat, cure or prevent any disease. Sold only to qualified researchers aged 21 or older.</p>",0.05,1,1,2,,"BA10,XA10",Buy Selank 10mg Research Peptide %sep% %sitename%,"Selank 10mg lyophilized research peptide, 10mg per vial. Save 10% on 3+ vials, 15% on 5+. Fast shipping. Research use only.",selank 10mg,Buy Selank 10mg Research Peptide %%sep%% %%sitename%%,"Selank 10mg lyophilized research peptide, 10mg per vial. Save 10% on 3+ vials, 15% on 5+. Fast shipping. Research use only.",selank 10mg,
simple,P41,PT-141 (Bremelanotide) 10mg,1,0,visible,"PT-141 (bremelanotide) is a cyclic heptapeptide melanocortin receptor agonist, a metabolite of Melanotan II. Lyophilized powder, 10mg per sealed vial. For laboratory research use only. Not for human or veterinary use.",taxable,1,20,0,13.99,Research Peptides > Melanocortin,"PT-141, Bremelanotide, Melanocortin",5,"<h2>PT-141 (Bremelanotide) 10mg</h2><p>PT-141 (bremelanotide) is a cyclic heptapeptide melanocortin receptor agonist, a metabolite of Melanotan II.</p><h3>Research focus</h3><p>Central MC3R and MC4R melanocortin signaling.</p><h3>Specifications</h3><ul><li>Contents: 10mg per vial</li><li>Form: lyophilized (freeze-dried) powder</li><li>Container: sealed glass vial</li><li>Storage: keep lyophilized vials frozen at −20 °C, protected from light. Once reconstituted, refrigerate at 2–8 °C.</li><li>Reconstitution: bacteriostatic water, sold separately</li></ul><h3>Volume pricing</h3><p>Save 10% when your order contains 3 or more research vials, and 15% at 5 or more. Mix and match across the catalog; the discount applies automatically in the cart.</p><h3>Research use only</h3><p>For laboratory research use only. Not for human or veterinary use. This product is not a drug, food, supplement or cosmetic and is not intended to diagnose, treat, cure or prevent any disease. Sold only to qualified researchers aged 21 or older.</p>",0.05,1,1,2,,"BA10,ML10",Buy PT-141 (Bremelanotide) 10mg Research Peptide %sep% %sitename%,"PT-141 (Bremelanotide) 10mg lyophilized research peptide, 10mg per vial. Save 10% on 3+ vials, 15% on 5+. Fast shipping. Research use only.",pt-141 10mg,Buy PT-141 (Bremelanotide) 10mg Research Peptide %%sep%% %%sitename%%,"PT-141 (Bremelanotide) 10mg lyophilized research peptide, 10mg per vial. Save 10% on 3+ vials, 15% on 5+. Fast shipping. Research use only.",pt-141 10mg,
simple,ML10,MT-2 (Melanotan II) 10mg,1,0,visible,"Melanotan II is a cyclic analog of alpha-melanocyte-stimulating hormone and a non-selective melanocortin receptor agonist. Lyophilized powder, 10mg per sealed vial. For laboratory research use only. Not for human or veterinary use.",taxable,1,20,0,12.99,Research Peptides > Melanocortin,"MT-2, Melanotan II, Melanocortin, Melanogenesis",4.5,"<h2>MT-2 (Melanotan II) 10mg</h2><p>Melanotan II is a cyclic analog of alpha-melanocyte-stimulating hormone and a non-selective melanocortin receptor agonist.</p><h3>Research focus</h3><p>Melanogenesis, MC1R pigmentation and melanocortin-pathway research.</p><h3>Specifications</h3><ul><li>Contents: 10mg per vial</li><li>Form: lyophilized (freeze-dried) powder</li><li>Container: sealed glass vial</li><li>Storage: keep lyophilized vials frozen at −20 °C, protected from light. Once reconstituted, refrigerate at 2–8 °C.</li><li>Reconstitution: bacteriostatic water, sold separately</li></ul><h3>Volume pricing</h3><p>Save 10% when your order contains 3 or more research vials, and 15% at 5 or more. Mix and match across the catalog; the discount applies automatically in the cart.</p><h3>Research use only</h3><p>For laboratory research use only. Not for human or veterinary use. This product is not a drug, food, supplement or cosmetic and is not intended to diagnose, treat, cure or prevent any disease. Sold only to qualified researchers aged 21 or older.</p>",0.05,1,1,2,,"BA10,P41",Buy MT-2 (Melanotan II) 10mg Research Peptide %sep% %sitename%,"MT-2 (Melanotan II) 10mg lyophilized research peptide, 10mg per vial. Save 10% on 3+ vials, 15% on 5+. Fast shipping. Research use only.",mt-2 10mg,Buy MT-2 (Melanotan II) 10mg Research Peptide %%sep%% %%sitename%%,"MT-2 (Melanotan II) 10mg lyophilized research peptide, 10mg per vial. Save 10% on 3+ vials, 15% on 5+. Fast shipping. Research use only.",mt-2 10mg,
simple,NJ500,NAD+ 500mg,1,0,visible,"NAD+ (nicotinamide adenine dinucleotide) is the coenzyme at the center of cellular redox reactions and a substrate for sirtuins and PARP enzymes. Lyophilized powder, 500mg per sealed vial. For laboratory research use only. Not for human or veterinary use.",taxable,1,20,0,16.99,Research Peptides > Longevity & Cellular Health,"NAD+, Coenzyme, Longevity, Sirtuins",7,"<h2>NAD+ 500mg</h2><p>NAD+ (nicotinamide adenine dinucleotide) is the coenzyme at the center of cellular redox reactions and a substrate for sirtuins and PARP enzymes. NAD+ is a dinucleotide, not a peptide.</p><h3>Research focus</h3><p>Cellular energy metabolism, mitochondrial function, DNA repair and aging research.</p><h3>Specifications</h3><ul><li>Contents: 500mg per vial</li><li>Form: lyophilized (freeze-dried) powder</li><li>Container: sealed glass vial</li><li>Storage: keep lyophilized vials frozen at −20 °C, protected from light. Once reconstituted, refrigerate at 2–8 °C.</li><li>Reconstitution: bacteriostatic water, sold separately</li></ul><h3>Volume pricing</h3><p>Save 10% when your order contains 3 or more research vials, and 15% at 5 or more. Mix and match across the catalog; the discount applies automatically in the cart.</p><h3>Research use only</h3><p>For laboratory research use only. Not for human or veterinary use. This product is not a drug, food, supplement or cosmetic and is not intended to diagnose, treat, cure or prevent any disease. Sold only to qualified researchers aged 21 or older.</p>",0.05,1,1,2,NJ1000,"BA10,MS10",Buy NAD+ 500mg for Research %sep% %sitename%,"NAD+ 500mg lyophilized research peptide, 500mg per vial. Save 10% on 3+ vials, 15% on 5+. Fast shipping. Research use only.",nad+ 500mg,Buy NAD+ 500mg for Research %%sep%% %%sitename%%,"NAD+ 500mg lyophilized research peptide, 500mg per vial. Save 10% on 3+ vials, 15% on 5+. Fast shipping. Research use only.",nad+ 500mg,
simple,NJ1000,NAD+ 1000mg,1,0,visible,"NAD+ (nicotinamide adenine dinucleotide) is the coenzyme at the center of cellular redox reactions and a substrate for sirtuins and PARP enzymes. Lyophilized powder, 1000mg per sealed vial. For laboratory research use only. Not for human or veterinary use.",taxable,1,20,0,20.99,Research Peptides > Longevity & Cellular Health,"NAD+, Coenzyme, Longevity, Sirtuins",9,"<h2>NAD+ 1000mg</h2><p>NAD+ (nicotinamide adenine dinucleotide) is the coenzyme at the center of cellular redox reactions and a substrate for sirtuins and PARP enzymes. NAD+ is a dinucleotide, not a peptide.</p><h3>Research focus</h3><p>Cellular energy metabolism, mitochondrial function, DNA repair and aging research.</p><h3>Specifications</h3><ul><li>Contents: 1000mg per vial</li><li>Form: lyophilized (freeze-dried) powder</li><li>Container: sealed glass vial</li><li>Storage: keep lyophilized vials frozen at −20 °C, protected from light. Once reconstituted, refrigerate at 2–8 °C.</li><li>Reconstitution: bacteriostatic water, sold separately</li></ul><h3>Volume pricing</h3><p>Save 10% when your order contains 3 or more research vials, and 15% at 5 or more. Mix and match across the catalog; the discount applies automatically in the cart.</p><h3>Research use only</h3><p>For laboratory research use only. Not for human or veterinary use. This product is not a drug, food, supplement or cosmetic and is not intended to diagnose, treat, cure or prevent any disease. Sold only to qualified researchers aged 21 or older.</p>",0.05,1,1,2,,"BA10,MS10",Buy NAD+ 1000mg for Research %sep% %sitename%,"NAD+ 1000mg lyophilized research peptide, 1000mg per vial. Save 10% on 3+ vials, 15% on 5+. Fast shipping. Research use only.",nad+ 1000mg,Buy NAD+ 1000mg for Research %%sep%% %%sitename%%,"NAD+ 1000mg lyophilized research peptide, 1000mg per vial. Save 10% on 3+ vials, 15% on 5+. Fast shipping. Research use only.",nad+ 1000mg,
simple,CP10,CJC-1295 + Ipamorelin Blend 10mg,1,0,visible,"A pre-combined blend of CJC-1295 (a GHRH analog) and ipamorelin (a ghrelin-receptor agonist), two compounds that act on complementary growth hormone pathways. Lyophilized powder, 10mg per sealed vial. For laboratory research use only. Not for human or veterinary use.",taxable,1,20,0,20.99,Research Peptides > Growth Hormone Secretagogues,"CJC-1295, Ipamorelin, Blend, Growth hormone",9,"<h2>CJC-1295 + Ipamorelin Blend 10mg</h2><p>A pre-combined blend of CJC-1295 (a GHRH analog) and ipamorelin (a ghrelin-receptor agonist), two compounds that act on complementary growth hormone pathways. See the vial label for the ratio.</p><h3>Research focus</h3><p>Combined GHRH and ghrelin-receptor stimulation of growth hormone release.</p><h3>Specifications</h3><ul><li>Contents: 10mg per vial</li><li>Form: lyophilized (freeze-dried) powder</li><li>Container: sealed glass vial</li><li>Storage: keep lyophilized vials frozen at −20 °C, protected from light. Once reconstituted, refrigerate at 2–8 °C.</li><li>Reconstitution: bacteriostatic water, sold separately</li></ul><h3>Volume pricing</h3><p>Save 10% when your order contains 3 or more research vials, and 15% at 5 or more. Mix and match across the catalog; the discount applies automatically in the cart.</p><h3>Research use only</h3><p>For laboratory research use only. Not for human or veterinary use. This product is not a drug, food, supplement or cosmetic and is not intended to diagnose, treat, cure or prevent any disease. Sold only to qualified researchers aged 21 or older.</p>",0.05,1,1,2,,"BA10,TSM10",Buy CJC-1295 + Ipamorelin Blend 10mg for Research %sep% %sitename%,"CJC-1295 + Ipamorelin Blend 10mg lyophilized research peptide, 10mg per vial. Save 10% on 3+ vials, 15% on 5+. Fast shipping. Research use only.",cjc-1295 + ipamorelin blend 10mg,Buy CJC-1295 + Ipamorelin Blend 10mg for Research %%sep%% %%sitename%%,"CJC-1295 + Ipamorelin Blend 10mg lyophilized research peptide, 10mg per vial. Save 10% on 3+ vials, 15% on 5+. Fast shipping. Research use only.",cjc-1295 + ipamorelin blend 10mg,
simple,CND5,CJC-1295 no DAC 5mg,1,0,visible,"CJC-1295 without DAC, also known as Modified GRF (1-29), is a 29-amino-acid GHRH analog with four amino-acid substitutions that resist enzymatic breakdown. Lyophilized powder, 5mg per sealed vial. For laboratory research use only. Not for human or veterinary use.",taxable,1,20,0,16.99,Research Peptides > Growth Hormone Secretagogues,"CJC-1295, Mod GRF 1-29, GHRH analog, Growth hormone",7,"<h2>CJC-1295 no DAC 5mg</h2><p>CJC-1295 without DAC, also known as Modified GRF (1-29), is a 29-amino-acid GHRH analog with four amino-acid substitutions that resist enzymatic breakdown. Without the DAC it keeps a short half-life.</p><h3>Research focus</h3><p>Pulsatile growth hormone release models and pairing with ghrelin-receptor agonists such as ipamorelin.</p><h3>Specifications</h3><ul><li>Contents: 5mg per vial</li><li>Form: lyophilized (freeze-dried) powder</li><li>Container: sealed glass vial</li><li>Storage: keep lyophilized vials frozen at −20 °C, protected from light. Once reconstituted, refrigerate at 2–8 °C.</li><li>Reconstitution: bacteriostatic water, sold separately</li></ul><h3>Volume pricing</h3><p>Save 10% when your order contains 3 or more research vials, and 15% at 5 or more. Mix and match across the catalog; the discount applies automatically in the cart.</p><h3>Research use only</h3><p>For laboratory research use only. Not for human or veterinary use. This product is not a drug, food, supplement or cosmetic and is not intended to diagnose, treat, cure or prevent any disease. Sold only to qualified researchers aged 21 or older.</p>",0.05,1,1,2,CP10,"BA10,IP10",Buy CJC-1295 no DAC 5mg Research Peptide %sep% %sitename%,"CJC-1295 no DAC 5mg lyophilized research peptide, 5mg per vial. Save 10% on 3+ vials, 15% on 5+. Fast shipping. Research use only.",cjc-1295 no dac 5mg,Buy CJC-1295 no DAC 5mg Research Peptide %%sep%% %%sitename%%,"CJC-1295 no DAC 5mg lyophilized research peptide, 5mg per vial. Save 10% on 3+ vials, 15% on 5+. Fast shipping. Research use only.",cjc-1295 no dac 5mg,
simple,TA5,Thymosin Alpha-1 5mg,1,0,visible,"Thymosin alpha-1 is a 28-amino-acid peptide originally isolated from thymus tissue. Lyophilized powder, 5mg per sealed vial. For laboratory research use only. Not for human or veterinary use.",taxable,1,20,0,19.99,Research Peptides > Immune & Inflammation,"Thymosin Alpha-1, Thymalfasin, Immune",8.5,"<h2>Thymosin Alpha-1 5mg</h2><p>Thymosin alpha-1 is a 28-amino-acid peptide originally isolated from thymus tissue.</p><h3>Research focus</h3><p>T-cell maturation, immune modulation and host-defense research.</p><h3>Specifications</h3><ul><li>Contents: 5mg per vial</li><li>Form: lyophilized (freeze-dried) powder</li><li>Container: sealed glass vial</li><li>Storage: keep lyophilized vials frozen at −20 °C, protected from light. Once reconstituted, refrigerate at 2–8 °C.</li><li>Reconstitution: bacteriostatic water, sold separately</li></ul><h3>Volume pricing</h3><p>Save 10% when your order contains 3 or more research vials, and 15% at 5 or more. Mix and match across the catalog; the discount applies automatically in the cart.</p><h3>Research use only</h3><p>For laboratory research use only. Not for human or veterinary use. This product is not a drug, food, supplement or cosmetic and is not intended to diagnose, treat, cure or prevent any disease. Sold only to qualified researchers aged 21 or older.</p>",0.05,1,1,2,TA10,"BA10,KP5",Buy Thymosin Alpha-1 5mg Research Peptide %sep% %sitename%,"Thymosin Alpha-1 5mg lyophilized research peptide, 5mg per vial. Save 10% on 3+ vials, 15% on 5+. Fast shipping. Research use only.",thymosin alpha-1 5mg,Buy Thymosin Alpha-1 5mg Research Peptide %%sep%% %%sitename%%,"Thymosin Alpha-1 5mg lyophilized research peptide, 5mg per vial. Save 10% on 3+ vials, 15% on 5+. Fast shipping. Research use only.",thymosin alpha-1 5mg,
simple,TA10,Thymosin Alpha-1 10mg,1,0,visible,"Thymosin alpha-1 is a 28-amino-acid peptide originally isolated from thymus tissue. Lyophilized powder, 10mg per sealed vial. For laboratory research use only. Not for human or veterinary use.",taxable,1,10,0,27.99,Research Peptides > Immune & Inflammation,"Thymosin Alpha-1, Thymalfasin, Immune",13.5,"<h2>Thymosin Alpha-1 10mg</h2><p>Thymosin alpha-1 is a 28-amino-acid peptide originally isolated from thymus tissue.</p><h3>Research focus</h3><p>T-cell maturation, immune modulation and host-defense research.</p><h3>Specifications</h3><ul><li>Contents: 10mg per vial</li><li>Form: lyophilized (freeze-dried) powder</li><li>Container: sealed glass vial</li><li>Storage: keep lyophilized vials frozen at −20 °C, protected from light. Once reconstituted, refrigerate at 2–8 °C.</li><li>Reconstitution: bacteriostatic water, sold separately</li></ul><h3>Volume pricing</h3><p>Save 10% when your order contains 3 or more research vials, and 15% at 5 or more. Mix and match across the catalog; the discount applies automatically in the cart.</p><h3>Research use only</h3><p>For laboratory research use only. Not for human or veterinary use. This product is not a drug, food, supplement or cosmetic and is not intended to diagnose, treat, cure or prevent any disease. Sold only to qualified researchers aged 21 or older.</p>",0.05,1,1,2,,"BA10,KP5",Buy Thymosin Alpha-1 10mg Research Peptide %sep% %sitename%,"Thymosin Alpha-1 10mg lyophilized research peptide, 10mg per vial. Save 10% on 3+ vials, 15% on 5+. Fast shipping. Research use only.",thymosin alpha-1 10mg,Buy Thymosin Alpha-1 10mg Research Peptide %%sep%% %%sitename%%,"Thymosin Alpha-1 10mg lyophilized research peptide, 10mg per vial. Save 10% on 3+ vials, 15% on 5+. Fast shipping. Research use only.",thymosin alpha-1 10mg,
simple,DS5,DSIP 5mg,1,0,visible,"DSIP (delta sleep-inducing peptide) is a nonapeptide first isolated from rabbit cerebral venous blood during induced sleep. Lyophilized powder, 5mg per sealed vial. For laboratory research use only. Not for human or veterinary use.",taxable,1,20,0,11.99,Research Peptides > Cognitive & Sleep,"DSIP, Delta sleep-inducing peptide, Sleep",4,"<h2>DSIP 5mg</h2><p>DSIP (delta sleep-inducing peptide) is a nonapeptide first isolated from rabbit cerebral venous blood during induced sleep.</p><h3>Research focus</h3><p>Sleep architecture, stress response and neuroendocrine research.</p><h3>Specifications</h3><ul><li>Contents: 5mg per vial</li><li>Form: lyophilized (freeze-dried) powder</li><li>Container: sealed glass vial</li><li>Storage: keep lyophilized vials frozen at −20 °C, protected from light. Once reconstituted, refrigerate at 2–8 °C.</li><li>Reconstitution: bacteriostatic water, sold separately</li></ul><h3>Volume pricing</h3><p>Save 10% when your order contains 3 or more research vials, and 15% at 5 or more. Mix and match across the catalog; the discount applies automatically in the cart.</p><h3>Research use only</h3><p>For laboratory research use only. Not for human or veterinary use. This product is not a drug, food, supplement or cosmetic and is not intended to diagnose, treat, cure or prevent any disease. Sold only to qualified researchers aged 21 or older.</p>",0.05,1,1,2,,"BA10,SK10",Buy DSIP 5mg Research Peptide %sep% %sitename%,"DSIP 5mg lyophilized research peptide, 5mg per vial. Save 10% on 3+ vials, 15% on 5+. Fast shipping. Research use only.",dsip 5mg,Buy DSIP 5mg Research Peptide %%sep%% %%sitename%%,"DSIP 5mg lyophilized research peptide, 5mg per vial. Save 10% on 3+ vials, 15% on 5+. Fast shipping. Research use only.",dsip 5mg,
simple,5AD,AOD-9604 5mg,1,0,visible,"AOD-9604 is a modified fragment of the C-terminal region of human growth hormone (residues 176–191) with an added N-terminal tyrosine. Lyophilized powder, 5mg per sealed vial. For laboratory research use only. Not for human or veterinary use.",taxable,1,20,0,19.99,Research Peptides > GLP-1 & Metabolic,"AOD-9604, hGH fragment, Lipid metabolism",8.5,"<h2>AOD-9604 5mg</h2><p>AOD-9604 is a modified fragment of the C-terminal region of human growth hormone (residues 176–191) with an added N-terminal tyrosine.</p><h3>Research focus</h3><p>Lipolysis and lipid metabolism research, studied for fat-metabolism activity separate from the growth-promoting and IGF-1 effects of full-length hGH.</p><h3>Specifications</h3><ul><li>Contents: 5mg per vial</li><li>Form: lyophilized (freeze-dried) powder</li><li>Container: sealed glass vial</li><li>Storage: keep lyophilized vials frozen at −20 °C, protected from light. Once reconstituted, refrigerate at 2–8 °C.</li><li>Reconstitution: bacteriostatic water, sold separately</li></ul><h3>Volume pricing</h3><p>Save 10% when your order contains 3 or more research vials, and 15% at 5 or more. Mix and match across the catalog; the discount applies automatically in the cart.</p><h3>Research use only</h3><p>For laboratory research use only. Not for human or veterinary use. This product is not a drug, food, supplement or cosmetic and is not intended to diagnose, treat, cure or prevent any disease. Sold only to qualified researchers aged 21 or older.</p>",0.05,1,1,2,,"BA10,MS10",Buy AOD-9604 5mg Research Peptide %sep% %sitename%,"AOD-9604 5mg lyophilized research peptide, 5mg per vial. Save 10% on 3+ vials, 15% on 5+. Fast shipping. Research use only.",aod-9604 5mg,Buy AOD-9604 5mg Research Peptide %%sep%% %%sitename%%,"AOD-9604 5mg lyophilized research peptide, 5mg per vial. Save 10% on 3+ vials, 15% on 5+. Fast shipping. Research use only.",aod-9604 5mg,
simple,G65,GHRP-6 5mg,1,0,visible,"GHRP-6 is a hexapeptide growth hormone secretagogue and one of the first synthetic ghrelin-receptor agonists. Lyophilized powder, 5mg per sealed vial. For laboratory research use only. Not for human or veterinary use.",taxable,1,10,0,10.99,Research Peptides > Growth Hormone Secretagogues,"GHRP-6, GHRP, Ghrelin agonist, Growth hormone",3,"<h2>GHRP-6 5mg</h2><p>GHRP-6 is a hexapeptide growth hormone secretagogue and one of the first synthetic ghrelin-receptor agonists.</p><h3>Research focus</h3><p>Growth hormone release, ghrelin-receptor signaling and appetite-signaling research.</p><h3>Specifications</h3><ul><li>Contents: 5mg per vial</li><li>Form: lyophilized (freeze-dried) powder</li><li>Container: sealed glass vial</li><li>Storage: keep lyophilized vials frozen at −20 °C, protected from light. Once reconstituted, refrigerate at 2–8 °C.</li><li>Reconstitution: bacteriostatic water, sold separately</li></ul><h3>Volume pricing</h3><p>Save 10% when your order contains 3 or more research vials, and 15% at 5 or more. Mix and match across the catalog; the discount applies automatically in the cart.</p><h3>Research use only</h3><p>For laboratory research use only. Not for human or veterinary use. This product is not a drug, food, supplement or cosmetic and is not intended to diagnose, treat, cure or prevent any disease. Sold only to qualified researchers aged 21 or older.</p>",0.05,1,1,2,,"BA10,CND5",Buy GHRP-6 5mg Research Peptide %sep% %sitename%,"GHRP-6 5mg lyophilized research peptide, 5mg per vial. Save 10% on 3+ vials, 15% on 5+. Fast shipping. Research use only.",ghrp-6 5mg,Buy GHRP-6 5mg Research Peptide %%sep%% %%sitename%%,"GHRP-6 5mg lyophilized research peptide, 5mg per vial. Save 10% on 3+ vials, 15% on 5+. Fast shipping. Research use only.",ghrp-6 5mg,
