ID,Type,Parent,Regular price
104,variation,id:102,20.99
118,variation,id:114,23.99
120,variation,id:114,29.99
123,variation,id:121,56.99
125,variation,id:121,113.99
3427,variation,id:3426,86.99
141,variation,id:139,21.99
143,variation,id:139,53.99
130,variation,id:126,41.99
826,variation,id:825,31.99
828,variation,id:825,104.99
3606,variation,id:3605,23.99
151,variation,id:149,15.99
153,variation,id:149,18.99
155,variation,id:149,33.99
165,variation,id:163,18.99
167,variation,id:163,35.99
170,variation,id:168,74.99
172,variation,id:168,89.99
187,variation,id:185,16.99
189,variation,id:185,23.99
191,variation,id:185,32.99
199,variation,id:197,84.99
201,variation,id:197,99.99
204,variation,id:202,26.99
206,variation,id:202,52.99
217,variation,id:215,35.99
224,variation,id:222,26.99
227,variation,id:225,15.99
229,variation,id:225,41.99
231,variation,id:225,53.99
246,variation,id:242,29.99
261,variation,id:257,41.99
3429,variation,id:262,18.99
264,variation,id:262,19.99
266,variation,id:262,26.99
268,variation,id:262,52.99
273,variation,id:269,41.99
3424,variation,id:3423,35.99
3425,variation,id:3423,56.99
276,variation,id:274,32.99
278,variation,id:274,64.99
281,variation,id:279,41.99
3603,variation,id:3602,50.99
