ID,Type,Description
163,variable,"<p>GHRP-6 (Growth Hormone-Releasing Peptide 6) is a synthetic hexapeptide and one of the first compounds shown to act as a growth hormone secretagogue in preclinical models. It binds the growth hormone secretagogue receptor (GHS-R1a), the same receptor later identified as the target of the endogenous hormone ghrelin. Heartland Bio Labs supplies GHRP-6 for laboratory research in 5mg and 10mg vials, independently tested for purity and identity.</p>
<h2>What GHRP-6 is</h2>
<p>GHRP-6 came out of the structure-activity work on synthetic enkephalin analogues in the late 1970s and early 1980s, which found that small peptides with D-amino acid substitutions could trigger growth hormone release through a pathway separate from GHRH. Its sequence is His-D-Trp-Ala-Trp-D-Phe-Lys-NH<sub>2</sub>. The two D-residues make it far more resistant to enzymatic breakdown than a natural hexapeptide, which is why it remained a standard reference compound long after newer secretagogues appeared.</p>
<p>Because GHRP-6 was characterised years before ghrelin was discovered in 1999, much of the early receptor pharmacology for GHS-R1a was worked out with it. It is still used as a comparison agonist in research on ghrelin signalling, pituitary somatotroph function and the hypothalamic regulation of feeding behaviour in animal models, where it shows a pronounced ghrelin-like effect on appetite signalling.</p>
<h2>Product characteristics</h2>
<ul>
<li>Synthetic hexapeptide, sequence His-D-Trp-Ala-Trp-D-Phe-Lys-NH<sub>2</sub></li>
<li>Molecular weight approximately 873 daltons</li>
<li>GHS-R1a (ghrelin receptor) agonist</li>
<li>Supplied as white lyophilized powder in sealed vials</li>
<li>Available strengths: 5mg and 10mg</li>
<li>HPLC purity and mass spectrometry identity, verified by an independent laboratory</li>
<li>For laboratory research use only</li>
</ul>
<h2>How this product is verified</h2>
<p>Every Heartland product is tested at an independent analytical laboratory: purity by HPLC and identity by mass spectrometry. The certificates are published in our <a href=""/coa-portal/"">COA portal</a>, so you can check the lot before you buy anything. If you want to know what those documents prove and how to read one line by line, start with our guide to <a href=""/blog/how-to-read-a-certificate-of-analysis-for-peptides/"">reading a peptide certificate of analysis</a>.</p>
<h2>GHRP-6 compared with related compounds</h2>
<p>GHRP-6 is the first-generation member of the GHRP family. <a href=""/product/ghrp-2/"">GHRP-2</a> was developed from it and is the more potent secretagogue per milligram in most published models, with a smaller effect on appetite signalling. <a href=""/product/ipamorelin/"">Ipamorelin</a> is a later pentapeptide valued for its selectivity: it acts on the same receptor with little effect on cortisol or prolactin in animal studies. GHRP-6 remains the choice when a protocol needs the classic reference agonist, or specifically wants the ghrelin-like feeding response that the newer compounds were designed to reduce. Secretagogues are often studied alongside GHRH analogues such as <a href=""/product/cjc-1295/"">CJC-1295</a>, since the two pathways act on the pituitary through different receptors.</p>
<h2>Storage and handling</h2>
<p>Store lyophilized GHRP-6 sealed, dry and protected from light, frozen at −20 °C for long-term storage. Reconstitute with bacteriostatic water and keep the solution refrigerated at 2–8 °C, avoiding repeated freeze-thaw cycles.</p>
<h2>Reconstitution math</h2>
<p>Work out concentration (mg/mL), amount per volume and molarity for any vial size of GHRP-6 with the <a href=""/peptide-calculator/"">peptide reconstitution calculator</a>. For the bench procedure see <a href=""/how-to-reconstitute-peptides/"">how to reconstitute peptides</a>. Our <a href=""/product/bac-water/"">bacteriostatic water</a> ships from the same stock.</p>
<h2>Research use only</h2>
<p>GHRP-6 from Heartland Bio Labs is sold strictly for laboratory research and identification purposes. It is not a drug, it has not been evaluated by the FDA, and it is not for human or veterinary use of any kind. By purchasing, you affirm that you are qualified to handle research compounds and agree to our <a href=""/research-use-policy/"">research use policy</a>.</p>"
215,variable,"<p>MOTS-c (Mitochondrial Open reading frame of the Twelve S rRNA type-c) is a 16-amino acid peptide encoded not in the nucleus but in the mitochondrial genome, within the gene for 12S ribosomal RNA. It belongs to a small class of mitochondria-derived peptides and is studied as a signal by which mitochondria communicate with the rest of the cell. Heartland Bio Labs supplies MOTS-c for laboratory research in 10mg vials, independently tested for purity and identity.</p>
<h2>What MOTS-c is</h2>
<p>MOTS-c was first described in 2015 by researchers at the University of Southern California, who found a short open reading frame inside the mitochondrial 12S rRNA gene that codes for a functional peptide. Its sequence is MRWQEMGYIFYPRKLR. That discovery widened the idea of what the mitochondrial genome encodes, which had long been thought to be limited to 13 proteins of the respiratory chain plus the RNAs needed to make them.</p>
<p>Preclinical research on MOTS-c centres on cellular energy metabolism. In cell and animal models it has been linked to the folate cycle and to activation of AMPK, the cell's main energy sensor, which is why it is often studied alongside compounds such as AICAR. Later work reported that under metabolic stress MOTS-c moves into the nucleus and influences the expression of stress-response genes, making it a model for retrograde mitochondrial-to-nuclear signalling. It is also studied in research on ageing, exercise physiology and insulin sensitivity in rodent models.</p>
<h2>Product characteristics</h2>
<ul>
<li>16-amino acid mitochondria-derived peptide, sequence MRWQEMGYIFYPRKLR</li>
<li>Molecular weight approximately 2,175 daltons</li>
<li>Encoded in the mitochondrial 12S rRNA gene</li>
<li>Supplied as white lyophilized powder in sealed vials</li>
<li>Available strength: 10mg</li>
<li>HPLC purity and mass spectrometry identity, verified by an independent laboratory</li>
<li>For laboratory research use only</li>
</ul>
<h2>How this product is verified</h2>
<p>Every Heartland product is tested at an independent analytical laboratory: purity by HPLC and identity by mass spectrometry. The certificates are published in our <a href=""/coa-portal/"">COA portal</a>, so you can check the lot before you buy anything. If you want to know what those documents prove and how to read one line by line, start with our guide to <a href=""/blog/how-to-read-a-certificate-of-analysis-for-peptides/"">reading a peptide certificate of analysis</a>.</p>
<h2>MOTS-c in the longevity research catalog</h2>
<p>MOTS-c sits in our Cognitive &amp; Longevity category next to compounds studied for related reasons. <a href=""/product/nad-plus/"">NAD+</a> is the coenzyme at the centre of cellular redox and sirtuin research, and <a href=""/product/thymosin-alpha-1/"">Thymosin Alpha-1</a> and <a href=""/product/epithalon/"">Epithalon</a> are studied in immune and ageing models. Unlike those, MOTS-c is itself a product of the mitochondrial genome, which makes it the compound of choice when the research question concerns how mitochondria signal outward to the cell.</p>
<h2>Storage and handling</h2>
<p>Store lyophilized MOTS-c sealed, dry and protected from light, frozen at −20 °C for long-term storage. Reconstitute with bacteriostatic water or sterile water and keep the solution refrigerated at 2–8 °C, avoiding repeated freeze-thaw cycles.</p>
<h2>Reconstitution math</h2>
<p>Work out concentration (mg/mL), amount per volume and molarity for any vial size of MOTS-c with the <a href=""/peptide-calculator/"">peptide reconstitution calculator</a>. For the bench procedure see <a href=""/how-to-reconstitute-peptides/"">how to reconstitute peptides</a>. Our <a href=""/product/bac-water/"">bacteriostatic water</a> ships from the same stock.</p>
<h2>Research use only</h2>
<p>MOTS-c from Heartland Bio Labs is sold strictly for laboratory research and identification purposes. It is not a drug, it has not been evaluated by the FDA, and it is not for human or veterinary use of any kind. By purchasing, you affirm that you are qualified to handle research compounds and agree to our <a href=""/research-use-policy/"">research use policy</a>.</p>"
102,variable,"<p>AOD-9604 is a synthetic 16-amino acid peptide based on the C-terminal region of human growth hormone (residues 177–191), with a tyrosine added at the N-terminus. It was developed to study the part of the growth hormone molecule associated with fat metabolism in isolation from the rest of the hormone. Heartland Bio Labs supplies AOD-9604 for laboratory research in 2mg, 5mg and 10mg vials, independently tested for purity and identity.</p>
<h2>What AOD-9604 is</h2>
<p>Growth hormone has many effects, and in the 1990s researchers at Monash University in Australia set out to separate its effect on fat tissue from the rest. Work on fragments of the hormone showed that the C-terminal stretch, residues 177 to 191, carried much of the lipolytic activity seen in animal models. AOD-9604 is a modified version of that fragment: Tyr-Leu-Arg-Ile-Val-Gln-Cys-Arg-Ser-Val-Glu-Gly-Ser-Cys-Gly-Phe, with a disulfide bridge between the two cysteines.</p>
<p>What makes AOD-9604 useful in research is what it does not do. In preclinical studies it showed effects on lipolysis and lipogenesis in adipose tissue without the growth-promoting effects of the full hormone, and without raising IGF-1. That makes it a tool for studying adipocyte biology and fat metabolism pathways separately from growth hormone receptor signalling as a whole. It has also been studied in cartilage and connective tissue models.</p>
<h2>Product characteristics</h2>
<ul>
<li>Synthetic 16-amino acid peptide: hGH fragment 177–191 with an N-terminal tyrosine</li>
<li>Molecular weight approximately 1,815 daltons</li>
<li>One intramolecular disulfide bond</li>
<li>Supplied as white lyophilized powder in sealed vials</li>
<li>Available strengths: 2mg, 5mg and 10mg</li>
<li>HPLC purity and mass spectrometry identity, verified by an independent laboratory</li>
<li>For laboratory research use only</li>
</ul>
<h2>How this product is verified</h2>
<p>Every Heartland product is tested at an independent analytical laboratory: purity by HPLC and identity by mass spectrometry. The certificates are published in our <a href=""/coa-portal/"">COA portal</a>, so you can check the lot before you buy anything. If you want to know what those documents prove and how to read one line by line, start with our guide to <a href=""/blog/how-to-read-a-certificate-of-analysis-for-peptides/"">reading a peptide certificate of analysis</a>.</p>
<h2>AOD-9604 in the metabolic research catalog</h2>
<p>AOD-9604 sits in our Metabolic category. Compounds such as <a href=""/product/semaglutide/"">semaglutide</a> and <a href=""/product/cagrilintide/"">cagrilintide</a> are studied for incretin and amylin receptor signalling, and <a href=""/product/aicar/"">AICAR</a> and <a href=""/product/5-amino-1mq/"">5-Amino-1MQ</a> for cellular energy pathways. AOD-9604 is different in that it works directly on adipose tissue rather than through appetite or hormone signalling, which makes it the compound to use when a protocol targets adipocyte biology itself.</p>
<h2>Storage and handling</h2>
<p>Store lyophilized AOD-9604 sealed, dry and protected from light, frozen at −20 °C for long-term storage. Reconstitute with bacteriostatic water and keep the solution refrigerated at 2–8 °C, avoiding repeated freeze-thaw cycles; the disulfide bond makes it sensitive to strong reducing conditions.</p>
<h2>Reconstitution math</h2>
<p>Work out concentration (mg/mL), amount per volume and molarity for any vial size of AOD-9604 with the <a href=""/peptide-calculator/"">peptide reconstitution calculator</a>. For the bench procedure see <a href=""/how-to-reconstitute-peptides/"">how to reconstitute peptides</a>. Our <a href=""/product/bac-water/"">bacteriostatic water</a> ships from the same stock.</p>
<h2>Research use only</h2>
<p>AOD-9604 from Heartland Bio Labs is sold strictly for laboratory research and identification purposes. It is not a drug, it has not been evaluated by the FDA, and it is not for human or veterinary use of any kind. By purchasing, you affirm that you are qualified to handle research compounds and agree to our <a href=""/research-use-policy/"">research use policy</a>.</p>"
